emp_no,first_name,last_name,to_date
10095,Hilari,Morton,9999-01-01
10122,Ohad,Esposito,9999-01-01
10291,Dipayan,Seghrouchni,9999-01-01
10476,Kokou,Iisaka,9999-01-01
10663,Teunis,Noriega,9999-01-01
10762,Lech,Himler,9999-01-01
10933,Juyoung,Seghrouchni,9999-01-01
12155,Keiichiro,Glinert,9999-01-01
12408,Rasiah,Sudkamp,9999-01-01
12643,Morrie,Schurmann,9999-01-01
13499,Kazuhiko,Sidou,9999-01-01
14075,Denny,Tchuente,9999-01-01
14104,Sudhanshu,Demian,9999-01-01
14127,Magdalena,Cannard,9999-01-01
14158,Caolyn,Setiz,9999-01-01
14476,Sastry,Marrevee,9999-01-01
14907,Nakhoon,Luga,9999-01-01
15050,Nikolaos,Kruskal,9999-01-01
15058,Bouchung,Bugrara,9999-01-01
15413,Arvin,Rabejac,9999-01-01
16461,Remmert,Schahn,9999-01-01
16528,Gaurav,Swick,9999-01-01
17013,Morris,Garigliano,9999-01-01
17206,Berry,DeMori,9999-01-01
17369,Yaghout,Kenevan,9999-01-01
17447,Zengping,Boreale,9999-01-01
17731,Gennady,Roison,9999-01-01
17970,Filipp,Carrere,9999-01-01
17988,Mabhin,Calkin,9999-01-01
18021,Adil,Matzke,9999-01-01
18424,Filipp,Rousseau,9999-01-01
18583,Stafford,Honglei,9999-01-01
18617,Surveyors,Crouzet,9999-01-01
18810,Taiji,Jarecki,9999-01-01
19236,Elzbieta,Morris,9999-01-01
19350,Satoru,Yoshizawa,9999-01-01
19803,Ziva,Kowalchuk,9999-01-01
20100,Utz,Heuter,9999-01-01
20128,Kazunori,Peak,9999-01-01
20129,Rafael,Skafidas,9999-01-01
20248,Vidar,Demri,9999-01-01
20313,Candida,Benveniste,9999-01-01
20500,Christoph,Trystram,9999-01-01
20885,Otmar,Rothenberg,9999-01-01
21181,Jianhui,Cangellaris,9999-01-01
21188,Piyush,Danecki,9999-01-01
21546,Yongmin,Lanteri,9999-01-01
21843,Karsten,Azadmanesh,9999-01-01
21909,Mohammed,Brizzi,9999-01-01
22185,Huai,Birch,9999-01-01
22415,Perla,Jumpertz,9999-01-01
22451,Jasminko,Bresenham,9999-01-01
22455,Barry,Unno,9999-01-01
22926,Manibrata,Genther,9999-01-01
23396,Hilari,Fairtlough,9999-01-01
24080,Jaana,Perez,9999-01-01
24205,Roddy,Rubsam,9999-01-01
24377,Lubomir,Wroclawski,9999-01-01
24394,Zhonghui,Conta,9999-01-01
24553,Anwar,Passafiume,9999-01-01
24571,Cordelia,Gischer,9999-01-01
25488,Ingmar,Basawa,9999-01-01
26629,Nevin,Rodham,9999-01-01
26671,Jiakeng,Kalorkoti,9999-01-01
26788,Zongyan,Dalphin,9999-01-01
27331,Wanqing,Krohm,9999-01-01
27378,Piyawadee,Leppanen,9999-01-01
27620,Shuji,Kandlur,9999-01-01
27686,Manu,Rosiles,9999-01-01
27699,Falguni,Pezzoli,9999-01-01
27767,Tooru,Veldwijk,9999-01-01
28193,Xinglin,Mitsuhashi,9999-01-01
28974,Chenxi,Sundgren,9999-01-01
28988,Tua,Giveon,9999-01-01
29130,Xumin,Thorensen,9999-01-01
29265,Gilbert,Calkin,9999-01-01
29380,Satoru,Vidal,9999-01-01
29418,Valery,Mersereau,9999-01-01
29679,Kolar,Steenbeek,9999-01-01
29782,Jouko,Hellwagner,9999-01-01
29954,Pranay,Giarratana,9999-01-01
30007,Kousuke,Vecchio,9999-01-01
30035,Tetsushi,Conta,9999-01-01
30154,Mayuko,Skafidas,9999-01-01
30182,Leon,Potthoff,9999-01-01
30465,Randi,Avouris,9999-01-01
30484,Sailaja,Chvatal,9999-01-01
30695,Gudjon,Majewski,9999-01-01
30938,Yakkov,Samarati,9999-01-01
31147,Divine,Sidhu,9999-01-01
31188,Leandro,Gist,9999-01-01
31207,Abdelwaheb,Dulin,9999-01-01
31341,Oksana,Zultner,9999-01-01
31514,Harngdar,Schapire,9999-01-01
31568,Mark,Lalonde,9999-01-01
31909,Murthy,Peek,9999-01-01
32347,Terresa,Peres,9999-01-01
32552,Atreye,Stanger,9999-01-01
32649,Ingmar,Nannarelli,9999-01-01
32714,Radoslaw,Maliniak,9999-01-01
32844,Tadahiko,Melton,9999-01-01
33025,Jessie,Thorelli,9999-01-01
33215,Steen,Fasbender,9999-01-01
33722,Anwar,Collette,9999-01-01
34077,Angel,Sichman,9999-01-01
34261,Kyoichi,Callaway,9999-01-01
34446,Chinhyun,Bauknecht,9999-01-01
34452,Naftaly,Foong,9999-01-01
34505,Felicidad,Kumaresan,9999-01-01
34533,Erzsebet,Shigei,9999-01-01
34780,Moni,Kohling,9999-01-01
34788,Ennio,Babu,9999-01-01
34936,Bokyung,Stamatiou,9999-01-01
35044,Jiang,Waschkowski,9999-01-01
35087,Leif,Ashish,9999-01-01
35441,Chandrasekaran,Peek,9999-01-01
35642,Ashish,Talmon,9999-01-01
35793,Oscar,Kusalik,9999-01-01
35798,Ulf,Oberman,9999-01-01
36521,Serif,Gladwell,9999-01-01
36626,Fen,Genin,9999-01-01
36733,Uma,Reinhard,9999-01-01
36844,Hailing,Levergood,9999-01-01
36982,Kotesh,Rajala,9999-01-01
37070,Jeong,Undy,9999-01-01
37945,Suzette,Butterworth,9999-01-01
38043,Michaela,Randi,9999-01-01
38103,Masasuke,Babu,9999-01-01
38168,Fumiko,Deverell,9999-01-01
38947,Shuichi,Ruemmler,9999-01-01
39000,Martijn,Vendrig,9999-01-01
39036,Changho,Cappelli,9999-01-01
39301,Rimon,Kawashima,9999-01-01
39341,Mahmut,Lampe,9999-01-01
39952,Otmar,Sudbeck,9999-01-01
40269,Toshiki,Ghazalie,9999-01-01
40283,Sudhanshu,Boissier,9999-01-01
40301,Spyrose,Felder,9999-01-01
40536,Harngdar,Bernardinello,9999-01-01
40765,Michaela,Ramsak,9999-01-01
40773,Shimshon,Aingworth,9999-01-01
40983,Marla,Cherinka,9999-01-01
41114,Petter,Thummel,9999-01-01
41137,Bikash,Buchter,9999-01-01
41357,Willard,Vernadat,9999-01-01
41518,Keung,Schapiro,9999-01-01
41520,Xiong,Uhrik,9999-01-01
41609,Yucai,Simmen,9999-01-01
42778,Shuji,Remmers,9999-01-01
42911,Brigham,Eterovic,9999-01-01
42950,Shaleah,Eickenmeyer,9999-01-01
42955,Yucel,Lortz,9999-01-01
43154,Maha,Waterhouse,9999-01-01
43848,Phillip,Oxenboll,9999-01-01
38550,JoAnne,Baez,9999-01-01
38593,Huei,Orsini,9999-01-01
44959,Volkmar,Uhrik,9999-01-01
43733,Huei,Boguraev,9999-01-01
44054,Alenka,Ritcey,9999-01-01
44265,Maria,Eppinger,9999-01-01
44540,Mingzeng,Sadowski,9999-01-01
44900,Mark,Schwaller,9999-01-01
44962,Sariel,Wynblatt,9999-01-01
46943,Pasqua,Maraist,9999-01-01
45162,Dulce,Speel,9999-01-01
46000,Zhaofang,Penn,9999-01-01
46328,Wuxu,Trogemann,9999-01-01
47016,Toong,Litecky,9999-01-01
46811,Junsik,Berendt,9999-01-01
46834,Tooru,Daescu,9999-01-01
47262,Gonzalo,Binkley,9999-01-01
47702,Juyoung,Vieri,9999-01-01
47139,Marco,Usdin,9999-01-01
47515,Naraig,Jenevein,9999-01-01
47708,Edwin,Haldar,9999-01-01
48275,Sariel,Massonet,9999-01-01
48882,Leen,Lamparter,9999-01-01
48690,Hitomi,Schaap,9999-01-01
48904,Yuichiro,Malabarba,9999-01-01
49119,Lena,Peek,9999-01-01
48947,Filipp,Akaboshi,9999-01-01
49177,Tze,Bach,9999-01-01
49010,Kazuhisa,Benantar,9999-01-01
49017,Filipp,Flanders,9999-01-01
49464,Siddarth,Cappelletti,9999-01-01
49477,Baocai,Leaver,9999-01-01
50453,Aron,Harbusch,9999-01-01
50831,Marie,Khalid,9999-01-01
50293,Xinan,Rindone,9999-01-01
50311,Mooi,Stafford,9999-01-01
50670,Boguslaw,Snedden,9999-01-01
51057,Theirry,Albarhamtoshy,9999-01-01
51060,Youngkon,Rohrbach,9999-01-01
51142,Rosine,Lakshmanan,9999-01-01
52038,Chikako,Armand,9999-01-01
51036,Chriss,Fasbender,9999-01-01
52040,Phule,Heijenga,9999-01-01
52283,Trygve,Krupka,9999-01-01
52590,Jouni,Munoz,9999-01-01
52386,Adas,Denti,9999-01-01
52599,Augustine,Mungall,9999-01-01
52639,Arup,Colorni,9999-01-01
52770,Shugo,Yurek,9999-01-01
52778,Alain,Penn,9999-01-01
53431,Sham,Vasanthakumar,9999-01-01
52956,Khalil,Picci,9999-01-01
52970,Lobel,Werthner,9999-01-01
53278,Premsyl,Lortz,9999-01-01
53314,Eberhardt,Carrera,9999-01-01
53924,Arnould,Gaughan,9999-01-01
53499,Zdislav,Mandelberg,9999-01-01
53597,Jiafu,Marchegay,9999-01-01
54198,Shaowen,Segond,9999-01-01
53874,Bodo,Schade,9999-01-01
54632,Etsuo,Serot,9999-01-01
55799,Jianwen,Litzler,9999-01-01
54795,Sumant,Nergos,9999-01-01
54800,Breannda,Cangellaris,9999-01-01
55857,Adin,Scallan,9999-01-01
55640,Adit,Syrotiuk,9999-01-01
56209,Remzi,Douceur,9999-01-01
55687,Shih,Lindqvist,9999-01-01
56415,Sigeru,Nivat,9999-01-01
56105,Makato,Remmers,9999-01-01
56428,Olivera,Hanabata,9999-01-01
56682,Roded,Picco,9999-01-01
57934,Sanjoy,Boudaillier,9999-01-01
56829,Nagui,Gruenwald,9999-01-01
56847,Menkae,Chinin,9999-01-01
58141,Bezalel,Karner,9999-01-01
58147,Shigenori,Sullins,9999-01-01
58384,Mariusz,Vural,9999-01-01
58454,Ziya,Zambonelli,9999-01-01
58497,Yechiam,Cairo,9999-01-01
58819,Gennady,Liesche,9999-01-01
59640,Zita,Hiltgen,9999-01-01
58990,Palash,Trelles,9999-01-01
59195,Ronnie,Pollock,9999-01-01
59869,Zsolt,Riefers,9999-01-01
59966,Steen,Salvesen,9999-01-01
60000,Heekeun,Emmart,9999-01-01
60238,Erzsebet,Claffy,9999-01-01
60091,Surveyors,Bade,9999-01-01
60559,Jeanna,Stemann,9999-01-01
60821,Moty,Mersereau,9999-01-01
60845,Bedir,Siegrist,9999-01-01
60875,Rildo,Masaki,9999-01-01
61377,Dannz,Ohori,9999-01-01
60959,Tetsushi,Sridhar,9999-01-01
61147,Leszek,Werthner,9999-01-01
61541,Kasidit,Papsdorf,9999-01-01
61253,Cheong,Uhrik,9999-01-01
62033,Heeju,Cappelli,9999-01-01
61873,Woody,Rusmann,9999-01-01
62046,Karlis,Nanard,9999-01-01
63419,Hiroyasu,Seuren,9999-01-01
62245,Adel,Bressoud,9999-01-01
63441,Hinrich,Scallan,9999-01-01
63294,Tetsushi,Tanemo,9999-01-01
63566,Heekeun,Slaats,9999-01-01
63631,Falguni,Cherinka,9999-01-01
63706,Sedat,Itzigehl,9999-01-01
64209,Golgen,Schoegge,9999-01-01
64023,Laurentiu,Benzmuller,9999-01-01
64487,Tsutomu,Rebaine,9999-01-01
64532,Atilio,Segond,9999-01-01
64790,Shin,Piveteau,9999-01-01
64632,Zsolt,Brender,9999-01-01
64828,Krister,Pappas,9999-01-01
64984,Eldridge,Eldridge,9999-01-01
65539,Aksel,Picaronny,9999-01-01
65171,Jeane,Tasistro,9999-01-01
65883,Patricia,Pepe,9999-01-01
65998,Mandell,Alameldin,9999-01-01
66382,Domenico,Candan,9999-01-01
66643,Jianhao,Tomescu,9999-01-01
66530,Dung,Leaver,9999-01-01
68416,Munenori,Debuse,9999-01-01
66702,Deniz,Thibadeau,9999-01-01
66757,Yonghong,Baig,9999-01-01
66807,Aiman,Rosaz,9999-01-01
67320,Sadok,Lorys,9999-01-01
67548,Fumitaka,Roohalamini,9999-01-01
67934,Aiman,Gargeya,9999-01-01
69219,Shuky,Redmiles,9999-01-01
68608,Yucai,Seghrouchni,9999-01-01
68633,Chinhyun,Rassart,9999-01-01
68648,Jaques,DiGiano,9999-01-01
69052,Shietung,Shrader,9999-01-01
69867,Miyeon,Rothe,9999-01-01
69878,Chinya,Cooke,9999-01-01
69936,Lalit,Unni,9999-01-01
70469,Tru,Miyakawa,9999-01-01
70990,Arumugam,Nitta,9999-01-01
71066,Domenick,Basart,9999-01-01
71243,Kinh,Buchter,9999-01-01
71334,Cathie,Peck,9999-01-01
71141,Sajjad,Vitiello,9999-01-01
71188,Pranjal,Schapiro,9999-01-01
71685,Kristinn,Olano,9999-01-01
71710,Hitomi,Takanami,9999-01-01
71745,Adil,Laventhal,9999-01-01
72190,Sajjad,Waeselynck,9999-01-01
72194,Feiyu,Siepmann,9999-01-01
72232,Naraig,Veldwijk,9999-01-01
72640,Honglan,Hutton,9999-01-01
72918,Takahira,Szilard,9999-01-01
73076,Froduald,Feldhoffer,9999-01-01
73743,Anneke,Bernardeschi,9999-01-01
73233,Shigeo,Merey,9999-01-01
73516,Qingxiang,Badache,9999-01-01
74200,Holgard,Weiland,9999-01-01
74668,Masako,Bonifati,9999-01-01
74344,Hiroyasu,Provine,9999-01-01
75354,Shuky,Jakobus,9999-01-01
74800,Yuuichi,Conde,9999-01-01
75703,Kyoichi,Erman,9999-01-01
76189,Kolar,Hinsberger,9999-01-01
76201,Arif,Preusig,9999-01-01
76640,Tristan,Mitsuhashi,9999-01-01
77030,Faiza,Garnham,9999-01-01
77303,Xinglin,Birge,9999-01-01
77815,Ronghao,Picaronny,9999-01-01
77647,Niranjan,Schaaf,9999-01-01
78106,Ashish,Ratnaker,9999-01-01
78363,Susumu,Fritzsche,9999-01-01
79310,Jeong,Cunliffe,9999-01-01
78469,Leucio,Cappelli,9999-01-01
78871,Conor,Ghandeharizadeh,9999-01-01
79043,Katsuo,Hockney,9999-01-01
79171,Guiseppe,Ellozy,9999-01-01
79606,Arnd,Peir,9999-01-01
79763,Sanjoy,Barreiro,9999-01-01
80067,Kazuhisa,Weiland,9999-01-01
79895,Fei,Murtagh,9999-01-01
80432,Stella,Figueira,9999-01-01
80203,Shakhar,Baik,9999-01-01
80731,Shaowen,Eldridge,9999-01-01
80889,Shigeo,Linnainmaa,9999-01-01
80850,Koldo,Luit,9999-01-01
80948,Harjit,Bardell,9999-01-01
81545,Larisa,Kornyak,9999-01-01
81105,Jaewon,Boissier,9999-01-01
82069,Yechezkel,Perfilyeva,9999-01-01
81644,Divine,Ghandeharizadeh,9999-01-01
82098,Poornachandra,Wilharm,9999-01-01
81995,Sreekrishna,Brender,9999-01-01
82351,Stevo,Thambidurai,9999-01-01
83714,Ohad,Kilgore,9999-01-01
82511,Uwe,Koblick,9999-01-01
82919,Shigeu,Claffy,9999-01-01
82928,Alselm,Rikino,9999-01-01
83280,Francesca,Ellozy,9999-01-01
83289,Shigeichiro,Engelmann,9999-01-01
83509,Breannda,Collavizza,9999-01-01
83544,Leaf,Baak,9999-01-01
83941,Zsolt,Hagimont,9999-01-01
83805,Manohar,Harllee,9999-01-01
84179,Shuichi,Nanard,9999-01-01
84029,Babette,Eugenio,9999-01-01
84236,Eberhardt,Barriga,9999-01-01
84451,Shiv,Aumann,9999-01-01
84315,Kristina,Baumann,9999-01-01
84508,Tommaso,Vidya,9999-01-01
84840,Sverrir,Neimat,9999-01-01
85288,Younwoo,Luders,9999-01-01
84922,Parke,Unno,9999-01-01
84942,Shin,Fujisaki,9999-01-01
85216,Ferdinand,Rosiles,9999-01-01
85414,Chiradeep,Callaway,9999-01-01
85445,Yongdong,Pollock,9999-01-01
85702,Udi,Merks,9999-01-01
85874,Pasqua,Taubman,9999-01-01
86213,Kristine,Clemencon,9999-01-01
86422,Jaewon,Thummel,9999-01-01
86354,Ronghao,Segond,9999-01-01
86546,Oldrich,Woycyznski,9999-01-01
87129,Keung,Neiman,9999-01-01
86655,Zhenhua,Lorys,9999-01-01
86672,JoAnne,Anido,9999-01-01
88411,Lena,Cannane,9999-01-01
87353,Quingbo,Coombs,9999-01-01
87714,Khun,Janetzko,9999-01-01
87729,Yongmin,Roccetti,9999-01-01
87783,Conor,Thorensen,9999-01-01
88103,Goo,Bresenham,9999-01-01
88422,Jungsoon,Birsak,9999-01-01
88647,Vasiliy,Ratnaker,9999-01-01
88958,Vojin,Coombs,9999-01-01
88965,Mang,Hedayat,9999-01-01
89048,Otmar,Birjandi,9999-01-01
89161,Conal,Yetto,9999-01-01
89090,Tetsushi,Theuretzbacher,9999-01-01
89207,Along,Erol,9999-01-01
89806,Xiadong,Shinomoto,9999-01-01
89346,Mansur,Comyn,9999-01-01
89590,Guther,Rothenberg,9999-01-01
89664,Pranjal,Rossi,9999-01-01
89680,Aiman,Mawatari,9999-01-01
90077,Vivian,Guerreiro,9999-01-01
90084,Renny,Bale,9999-01-01
89922,Alexius,Ibel,9999-01-01
90211,Bader,Denis,9999-01-01
89941,Arnould,Weedman,9999-01-01
90292,Koichi,Assaf,9999-01-01
90614,Yonghoan,Trogemann,9999-01-01
90692,Rajmohan,DasSarma,9999-01-01
90518,Fumiko,Chepyzhov,9999-01-01
91256,Gunilla,Milicic,9999-01-01
91172,Kazuhisa,Melter,9999-01-01
91182,Lucien,Schwartzburd,9999-01-01
91229,Yahiko,Hebden,9999-01-01
91333,Lobel,Stafford,9999-01-01
91648,Dmitry,Msuda,9999-01-01
91415,Jamaludin,Nilsson,9999-01-01
92438,Aria,Kilgore,9999-01-01
92454,Visit,McFarlan,9999-01-01
92685,Mang,Atchley,9999-01-01
92577,Zhanqiu,Farrow,9999-01-01
92598,Ranga,Merro,9999-01-01
93040,Jaques,Kabayashi,9999-01-01
92841,Claude,Candan,9999-01-01
92846,Anyuan,Kropatsch,9999-01-01
92920,Huei,Hutter,9999-01-01
93278,Magdalena,Penn,9999-01-01
93220,Richara,Walston,9999-01-01
93549,Arie,Coullard,9999-01-01
93600,Kristina,Neimat,9999-01-01
94331,Ramzi,Cronau,9999-01-01
95181,Yishai,Cappelli,9999-01-01
94416,Aran,Cesareni,9999-01-01
94761,Hitofumi,Zaccaria,9999-01-01
94944,Heping,Matheson,9999-01-01
95406,Alair,Lyonns,9999-01-01
95416,Gianluca,Ramaiah,9999-01-01
95286,Kristin,Guerreiro,9999-01-01
95509,Kristinn,Loncour,9999-01-01
95314,Rasiah,Koblick,9999-01-01
96767,Arumugam,Vecchio,9999-01-01
95920,Nobuyoshi,Hegner,9999-01-01
96571,Kokou,Garrabrants,9999-01-01
96579,Mohan,Tasistro,9999-01-01
97018,Jeanna,Chinen,9999-01-01
97661,Avishai,Hegner,9999-01-01
97623,Haldon,Janetzko,9999-01-01
98288,Sumali,Huttel,9999-01-01
98306,Ziya,Kadhim,9999-01-01
98639,Florina,Assaf,9999-01-01
99373,Xiaobin,Christianini,9999-01-01
99057,Shugo,Reeken,9999-01-01
99377,Carrsten,Francisci,9999-01-01
99590,Dhritiman,Anily,9999-01-01
99654,Mahendra,Motley,9999-01-01
100916,Heejo,Aamodt,9999-01-01
101487,Abdelaziz,Sury,9999-01-01
100865,Hisao,Peral,9999-01-01
101902,Mantis,Millington,9999-01-01
101647,Mori,Homond,9999-01-01
102620,Adin,Templeman,9999-01-01
103196,Djenana,Albarhamtoshy,9999-01-01
103310,Visit,Swen,9999-01-01
103342,Beshir,Hellwagner,9999-01-01
103316,Susanne,Peternell,9999-01-01
103756,Heping,Halloran,9999-01-01
104133,Pranjal,Zyda,9999-01-01
104988,Parviz,Litzler,9999-01-01
104845,Werner,Lodder,9999-01-01
105520,Haldun,Lienhardt,9999-01-01
105731,Sachem,Cromarty,9999-01-01
105342,Kwun,Reeker,9999-01-01
105356,Diederik,Matzov,9999-01-01
105432,Mohamadou,Stafford,9999-01-01
106242,Nevio,Thisen,9999-01-01
106096,Naftali,Schurmann,9999-01-01
107486,Siamak,Luiz,9999-01-01
106695,Lijie,Garrabrants,9999-01-01
106710,Babette,Anandan,9999-01-01
107737,Fabrizio,Chleq,9999-01-01
107792,Shahab,Crooks,9999-01-01
107828,Ramya,Walston,9999-01-01
108091,Hisao,Ghemri,9999-01-01
108198,Randi,Samarati,9999-01-01
108988,Oksana,Baek,9999-01-01
108316,Shai,Stellhorn,9999-01-01
109062,Jamaludin,Kandlur,9999-01-01
109211,Gor,Delgrande,9999-01-01
109252,Moty,Winter,9999-01-01
109278,Bangqing,Schach,9999-01-01
109552,Menkae,Etalle,9999-01-01
109598,Stamatina,Auyong,9999-01-01
109620,Mani,Cannata,9999-01-01
109741,Hatem,Fadgyas,9999-01-01
109703,Arco,Walston,9999-01-01
200312,Akemi,Fujisaki,9999-01-01
109953,Godehard,Chorvat,9999-01-01
200363,Kirk,Quaggetto,9999-01-01
200735,Dinah,Denos,9999-01-01
200267,Chuanti,Luff,9999-01-01
200789,Susumu,Camurati,9999-01-01
201915,Sudharsan,DeMori,9999-01-01
201229,Alejandra,Khasidashvili,9999-01-01
201708,Anneli,Perl,9999-01-01
201709,Fan,Kakkad,9999-01-01
201739,Genta,Terekhov,9999-01-01
202403,Gully,Perko,9999-01-01
201801,Waiman,Genin,9999-01-01
202291,Ortrun,Schmiedel,9999-01-01
202414,Zvonko,Murthy,9999-01-01
203599,Ewing,DiGiano,9999-01-01
202552,Morris,Saoudi,9999-01-01
202826,Kerhong,Matzke,9999-01-01
202882,Isaac,Koshino,9999-01-01
202950,Giordano,Pietrzykowski,9999-01-01
203720,Sasan,Thimonier,9999-01-01
203474,Hugh,Jonsson,9999-01-01
203495,Zongyan,Gips,9999-01-01
204117,Jessie,Nooteboom,9999-01-01
203946,Yefim,Marwedel,9999-01-01
204133,Susuma,Bergere,9999-01-01
204246,Arve,Worfolk,9999-01-01
204425,Gretta,Huttel,9999-01-01
204470,Hein,Lichtner,9999-01-01
204471,Franziska,Maginnis,9999-01-01
205174,Leszek,Spinelli,9999-01-01
204764,Susanne,Mandelberg,9999-01-01
205018,Yahiko,Awdeh,9999-01-01
205085,Moni,Kornyak,9999-01-01
205500,Mary,Setiz,9999-01-01
205699,Youjian,Yetto,9999-01-01
205627,Stabislas,Broder,9999-01-01
205660,Kien,Barreiro,9999-01-01
205789,Limsoon,Skafidas,9999-01-01
205863,Aiichiro,Kusalik,9999-01-01
206748,Yucai,Fabrizio,9999-01-01
206966,Tzu,Sichman,9999-01-01
206836,Guadalupe,Pfau,9999-01-01
207021,Jacqueline,Akaboshi,9999-01-01
207068,Zhiguo,Ariola,9999-01-01
207551,Baziley,Falck,9999-01-01
207204,Kellie,Schrooten,9999-01-01
207401,Shuji,Barbanera,9999-01-01
208147,Manu,Rothenberg,9999-01-01
207779,Chinya,Kamble,9999-01-01
207980,Remko,Vieth,9999-01-01
208639,Larisa,Lukaszewicz,9999-01-01
208330,Shen,Flanders,9999-01-01
208653,Phillip,Schade,9999-01-01
209101,Xinyu,Edelhoff,9999-01-01
208784,Pranjal,Juneja,9999-01-01
209443,Krassimir,Garnier,9999-01-01
209712,Nimmagadda,Baak,9999-01-01
209565,Dante,Covnot,9999-01-01
210017,Shalesh,Lovengreen,9999-01-01
210292,Lihong,Zeilberger,9999-01-01
210752,Saniya,Stenning,9999-01-01
210449,Gino,Lagarias,9999-01-01
210786,Werner,Ranze,9999-01-01
211858,Domenico,Ratnaker,9999-01-01
211879,Gao,Ranze,9999-01-01
212093,Leni,Henders,9999-01-01
211967,Anwar,Bain,9999-01-01
212154,Sailaja,Holburn,9999-01-01
212361,Claudi,Stanfel,9999-01-01
213140,Tru,Danecki,9999-01-01
213016,Yongmao,Fontan,9999-01-01
213384,Pranas,Narwekar,9999-01-01
213447,Armond,Perly,9999-01-01
214215,Xiaoqiang,Cardazo,9999-01-01
214539,Ingmar,Kohling,9999-01-01
214391,Rayond,Klassen,9999-01-01
214427,Peer,Molberg,9999-01-01
214789,Arfst,Chepyzhov,9999-01-01
214634,Shirish,Vickson,9999-01-01
214866,Gopalakrishnan,Angel,9999-01-01
215419,Flemming,Kroha,9999-01-01
214995,Dinkar,Hoppenstand,9999-01-01
215629,Munehiro,Manders,9999-01-01
215746,Sven,Speer,9999-01-01
216502,Xiaocheng,Suermann,9999-01-01
215843,Pramod,Loncour,9999-01-01
216054,Sahrah,Angiulli,9999-01-01
216573,Ashish,Vidya,9999-01-01
216342,Aiichiro,Cromarty,9999-01-01
216375,Byong,Gustavson,9999-01-01
216921,Lena,Lenart,9999-01-01
217026,Otmar,Engberts,9999-01-01
217080,Masami,Puoti,9999-01-01
217272,Yuchang,Eldridge,9999-01-01
217320,Abdelwaheb,Denis,9999-01-01
217363,Horward,Marzano,9999-01-01
217387,Jianhao,Molenaar,9999-01-01
217286,Yannik,Spelt,9999-01-01
217800,Shay,Servieres,9999-01-01
217551,Panayotis,Lukaszewicz,9999-01-01
218100,Jiong,Garnham,9999-01-01
218022,Mokhtar,Poupard,9999-01-01
219417,Subhrajyoti,Denna,9999-01-01
218831,Unal,DuBourdieux,9999-01-01
219035,Kristine,Bierman,9999-01-01
219047,Aemilian,Kusalik,9999-01-01
219052,Marsal,Acton,9999-01-01
219497,Moie,Zastre,9999-01-01
219967,Susanna,Reeken,9999-01-01
220528,Sibyl,Rabehasaina,9999-01-01
220029,Demos,Asser,9999-01-01
220131,Reinhard,Slaats,9999-01-01
220582,Poornachandra,Zielinski,9999-01-01
220418,Poorav,Laventhal,9999-01-01
220799,Perla,Orlowska,9999-01-01
220611,Yuping,Babb,9999-01-01
220625,Shigenori,Deville,9999-01-01
222311,Miyeon,Billingsley,9999-01-01
220699,Nahid,Gyimothy,9999-01-01
221126,Tesuya,dAstous,9999-01-01
221367,Saddek,Farris,9999-01-01
221369,Abdulah,Pocchiola,9999-01-01
221435,Djenana,Marrevee,9999-01-01
221973,Sangeeta,Kalefeld,9999-01-01
222206,Stein,Uludag,9999-01-01
222319,Matt,Chvatal,9999-01-01
222354,Valdiodio,Schlumberger,9999-01-01
222616,Badri,Schapire,9999-01-01
222878,Annemarie,Zallocco,9999-01-01
222926,Limsoon,Erol,9999-01-01
222770,Kazuhiko,Kushner,9999-01-01
222952,Gopalakrishnan,Suermann,9999-01-01
222998,Leaf,Awdeh,9999-01-01
223593,Hidefumi,Moehrke,9999-01-01
223595,Chiranjit,Dredge,9999-01-01
225601,Masasuke,Genin,9999-01-01
224135,Annemarie,Bressoud,9999-01-01
224335,Perry,Chachaty,9999-01-01
224390,True,Shobatake,9999-01-01
224934,George,Miake,9999-01-01
225438,Remmert,Quaggetto,9999-01-01
225867,Ramalingam,Remmele,9999-01-01
225964,Mooi,Cooman,9999-01-01
225788,Ipke,Kieras,9999-01-01
227476,Macha,Schnabel,9999-01-01
226216,Giordano,Gini,9999-01-01
226227,Herbert,Erva,9999-01-01
227354,Gio,Murtha,9999-01-01
228098,IEEE,Kroll,9999-01-01
227681,Mikhail,Rousseau,9999-01-01
227899,Garnik,Luce,9999-01-01
227901,Francesca,Azuma,9999-01-01
228554,Bilhanan,Brendel,9999-01-01
228248,Yuriy,Plump,9999-01-01
229220,Fabrizio,Lichtman,9999-01-01
228766,Nahla,Smailagic,9999-01-01
229098,Berry,Yurek,9999-01-01
229391,Paloma,Henseler,9999-01-01
229248,Harjit,Terekhov,9999-01-01
229404,Gilbert,Kilgour,9999-01-01
229727,Ewing,Millington,9999-01-01
229386,Pohua,Tasistro,9999-01-01
229547,Moni,Schach,9999-01-01
230126,Bezalel,Radivojevic,9999-01-01
229981,Jamaludin,Fordan,9999-01-01
230002,Tadahiro,Backhouse,9999-01-01
230498,Kolar,Puppo,9999-01-01
230287,Renny,Alameldin,9999-01-01
230354,Yinghua,Lorho,9999-01-01
230579,Shahar,Negoita,9999-01-01
230689,Dietrich,Crabtree,9999-01-01
231069,Trygve,Siksek,9999-01-01
230865,Takushi,Brattka,9999-01-01
232178,Etsuo,Anandan,9999-01-01
231459,Nectarios,Pramanik,9999-01-01
231671,Chandrasekaran,Pearson,9999-01-01
231798,Goetz,Alvarado,9999-01-01
232209,Nitsan,Rouquie,9999-01-01
232697,Barry,Ramsak,9999-01-01
232723,Tesuya,Bugrara,9999-01-01
233114,Alselm,Gargeya,9999-01-01
233394,Khalid,Lenart,9999-01-01
233397,Fay,Sundgren,9999-01-01
233426,Etsuo,Usery,9999-01-01
233690,Cedric,Riefers,9999-01-01
233759,Zissis,Lodder,9999-01-01
233818,Kellie,Heydon,9999-01-01
233765,Kotesh,Chachaty,9999-01-01
233785,Baziley,Ballarin,9999-01-01
235096,Sverrir,Gyimothy,9999-01-01
234195,Luerbio,Terkki,9999-01-01
234739,Foong,Aamodt,9999-01-01
235017,Irena,Dratva,9999-01-01
235368,Anneli,Joslin,9999-01-01
235325,Gro,Prochazka,9999-01-01
235458,Gio,Heuser,9999-01-01
235729,Henk,Anger,9999-01-01
235793,Jayesh,Spinelli,9999-01-01
235780,Sampalli,Bergere,9999-01-01
236315,IEEE,Raczkowsky,9999-01-01
236566,Yechezkel,Maginnis,9999-01-01
236591,Insup,Reinhard,9999-01-01
236827,Almudena,Rijckaert,9999-01-01
236883,Huan,Olivero,9999-01-01
238112,Miomir,Frezza,9999-01-01
236964,Adel,Foote,9999-01-01
238422,Vishv,Angelov,9999-01-01
238252,Uno,Suppi,9999-01-01
238949,Minghong,Cronin,9999-01-01
239244,Abdulla,Kitai,9999-01-01
239067,Tadahiko,Pocchiola,9999-01-01
239664,Sugwoo,Michaels,9999-01-01
239415,Susumu,Brender,9999-01-01
239426,Vesna,Fairtlough,9999-01-01
239706,Arunas,Bugrara,9999-01-01
239748,Bilhanan,Dusink,9999-01-01
239803,Oscal,Ernst,9999-01-01
240236,True,Tischendorf,9999-01-01
240132,Mizuhito,Kobara,9999-01-01
240285,Kolar,Greenaway,9999-01-01
240340,Mack,Staylopatis,9999-01-01
240870,Francesca,Chorvat,9999-01-01
240438,Temple,Cyre,9999-01-01
241100,Cedric,Molenaar,9999-01-01
241254,Jagoda,Anguita,9999-01-01
241292,Uri,Lampe,9999-01-01
241567,Emran,Miara,9999-01-01
241872,Bluma,Fetvedt,9999-01-01
241667,Atilio,Olivero,9999-01-01
241728,Limsoon,Boudaillier,9999-01-01
242081,Tomokazu,Pargas,9999-01-01
242104,Richara,Sudkamp,9999-01-01
242019,Herb,Murrill,9999-01-01
242800,Kazuyasu,Levergood,9999-01-01
242500,Bingning,Iisaku,9999-01-01
243077,Kazunori,Perz,9999-01-01
243018,Bowen,Deverell,9999-01-01
243637,Marjo,Delgrange,9999-01-01
243576,Abdulah,Lodder,9999-01-01
243898,Arch,Basawa,9999-01-01
244308,Mokhtar,Rebaine,9999-01-01
244820,Shigenori,Hertweck,9999-01-01
244605,Masoud,Suwa,9999-01-01
244624,Boaz,Seuren,9999-01-01
244711,Rosli,Butner,9999-01-01
244714,Poorav,Clouatre,9999-01-01
244873,Arunachalam,Oppitz,9999-01-01
245396,Gift,Bottner,9999-01-01
245164,Filipp,Winter,9999-01-01
246146,Zhongwei,Melski,9999-01-01
245664,Manohar,Kilgore,9999-01-01
246364,Alper,Tiemann,9999-01-01
246244,George,Casperson,9999-01-01
246764,Shuzo,Czaja,9999-01-01
246798,Tianruo,Strooper,9999-01-01
246902,Shih,Shanbhogue,9999-01-01
247612,Chiranjit,Constantine,9999-01-01
247089,Seongbae,Schahn,9999-01-01
247122,Xiaobin,Narlikar,9999-01-01
247447,Tzu,Bakhtari,9999-01-01
247456,Masako,Bahk,9999-01-01
247875,Xiong,Anick,9999-01-01
247888,Abdelghani,Lagarias,9999-01-01
248256,Sajjan,Falby,9999-01-01
248758,Snehasis,Muhlberg,9999-01-01
248351,Jaana,Milicia,9999-01-01
249325,Ute,Pokrovskii,9999-01-01
248953,Percy,Sudbeck,9999-01-01
249239,Hideyuki,Decleir,9999-01-01
249866,Steen,Gubsky,9999-01-01
249433,Ayonca,Matzov,9999-01-01
249504,Dmitry,Velardi,9999-01-01
249780,Nechama,Gaughan,9999-01-01
249799,Jolita,Neimat,9999-01-01
249969,Georgi,Luiz,9999-01-01
250452,Alexius,Plavsic,9999-01-01
250748,Kish,Turnbull,9999-01-01
250411,Ranga,Sommen,9999-01-01
251301,Pintsang,Impagliazzo,9999-01-01
251166,Hinrich,Hooghiemstra,9999-01-01
251341,Divier,Kumaresan,9999-01-01
251233,Yucel,Bernini,9999-01-01
251403,Utpal,DuBourdieux,9999-01-01
251645,Bezalel,Tsunoo,9999-01-01
251437,Shichao,Iwayama,9999-01-01
251680,Moty,Sommen,9999-01-01
252185,Chaosheng,Conta,9999-01-01
251814,Mitsuyuki,Zockler,9999-01-01
253707,Insup,Hainaut,9999-01-01
252316,Gill,Niizuma,9999-01-01
252392,Sanjeeva,Peron,9999-01-01
253029,Thodoros,Thimonier,9999-01-01
254044,Gunilla,Brendel,9999-01-01
253838,Stafford,Terlouw,9999-01-01
253893,Huiqun,Trystram,9999-01-01
255657,Oldrich,Cyre,9999-01-01
254399,Armond,Lores,9999-01-01
254821,Tonny,Couchot,9999-01-01
255466,Huan,Roccetti,9999-01-01
256216,Halsur,Brodal,9999-01-01
255779,Heejo,Merle,9999-01-01
257062,Stabislas,Pardalos,9999-01-01
256856,Hongzue,Barbanera,9999-01-01
256881,Ioana,Jakobus,9999-01-01
256888,Heather,Pehl,9999-01-01
257378,Pascal,Bernatsky,9999-01-01
258124,Mariusz,Zolotykh,9999-01-01
257469,Anyuan,Hanratty,9999-01-01
257484,Shaowei,Nicolson,9999-01-01
258028,Mountaz,Reinhart,9999-01-01
258470,Weiwu,Butner,9999-01-01
259042,Xiaoqiang,Farrow,9999-01-01
258643,Przemyslawa,Esposito,9999-01-01
259718,Stepehn,Bouloucos,9999-01-01
259237,Palash,Gammage,9999-01-01
259273,Xiahua,Gomatam,9999-01-01
259611,Shuichi,Marrakchi,9999-01-01
259619,Conal,Magliocco,9999-01-01
260249,Vugranam,Beausoleil,9999-01-01
260153,Mingdong,Baar,9999-01-01
260361,Reinhold,Rahier,9999-01-01
261184,Masako,Kornatzky,9999-01-01
260399,Hatem,Birsak,9999-01-01
260408,Sasan,Brookner,9999-01-01
260501,Dzung,Pargas,9999-01-01
261662,Berni,Assaf,9999-01-01
261737,Mark,Lindqvist,9999-01-01
261631,Jianhua,Huttel,9999-01-01
261986,Gila,Ramsak,9999-01-01
261990,Volkmar,Czaja,9999-01-01
262210,Chinho,Bottner,9999-01-01
262328,Mayuko,Vural,9999-01-01
262208,Mrinalini,Holburn,9999-01-01
263186,Danny,Lowrie,9999-01-01
262439,Lorien,Lagarias,9999-01-01
262636,Tamiya,Reutenauer,9999-01-01
262752,Pramod,Bierman,9999-01-01
262928,Piyush,Gill,9999-01-01
263012,Hideo,Buchter,9999-01-01
263370,Shakhar,Ranze,9999-01-01
263439,Atreye,Kabayashi,9999-01-01
263645,Mingsen,Lally,9999-01-01
263649,Mechthild,Zongker,9999-01-01
263926,Fusako,Schwartzbauer,9999-01-01
264030,Zdislav,Solares,9999-01-01
264322,Leandro,Swist,9999-01-01
264167,Baoqiu,Tomescu,9999-01-01
265794,Miquel,Halloran,9999-01-01
264626,Noritoshi,Bakhtari,9999-01-01
264939,Bogdan,Bahi,9999-01-01
265039,Navid,Staudhammer,9999-01-01
265521,Kensei,Salverda,9999-01-01
265558,Susuma,Kleiser,9999-01-01
265875,Fan,Marsiglia,9999-01-01
266644,Anwar,Gubsky,9999-01-01
266206,Zsolt,Anily,9999-01-01
266249,Sumant,Nishimukai,9999-01-01
266310,Zvonko,Serdy,9999-01-01
267227,Susuma,Tagansky,9999-01-01
266862,Mart,Plumb,9999-01-01
266881,Mokhtar,Sabnani,9999-01-01
267059,Moie,Tempesti,9999-01-01
267304,Jordanka,Axelband,9999-01-01
268191,LiMin,Teitelbaum,9999-01-01
267667,Irena,Kaiserswerth,9999-01-01
268043,Narain,Mikschl,9999-01-01
270084,Ulises,Frolund,9999-01-01
269728,Naftali,Kragelund,9999-01-01
270716,Shunichi,Baer,9999-01-01
271219,Odoardo,Tyugu,9999-01-01
270794,Dannz,Zhang,9999-01-01
271106,Taisook,Kampfer,9999-01-01
272285,Gully,Mitchem,9999-01-01
272141,Tsutomu,Neiman,9999-01-01
272452,Mitsuyuki,Isard,9999-01-01
272316,Surveyors,Muhling,9999-01-01
272860,Minghong,Candan,9999-01-01
272599,Holgard,Hegner,9999-01-01
273396,Wayne,Baba,9999-01-01
273159,Divine,Hofmeyr,9999-01-01
273286,Brigham,Asmuth,9999-01-01
274071,Mingsen,Weiland,9999-01-01
273806,Hongzhu,Beetstra,9999-01-01
273858,Gunilla,Matzen,9999-01-01
274369,Ranga,Waymire,9999-01-01
274271,Prodip,Ritcey,9999-01-01
275158,Satyanarayana,Brandsma,9999-01-01
274813,Yefim,Pettey,9999-01-01
275263,Vojin,Laventhal,9999-01-01
275444,Limsoon,Leppanen,9999-01-01
275495,Shen,Yamaashi,9999-01-01
275801,Ayakannu,Heinisuo,9999-01-01
275994,Uma,Prampolini,9999-01-01
275881,Jiann,Munro,9999-01-01
276027,Holgard,Stavenow,9999-01-01
276563,Gift,Solares,9999-01-01
276184,Mari,Swick,9999-01-01
276186,Sajjad,Vecchi,9999-01-01
276189,Isaac,Klerer,9999-01-01
277316,Vitali,Rothenberg,9999-01-01
276445,Atilio,Randi,9999-01-01
276472,Hideyuki,Flanders,9999-01-01
276868,Alois,Sanella,9999-01-01
277362,Uzi,Kugler,9999-01-01
277420,Rayond,Schach,9999-01-01
278239,Boaz,Bottner,9999-01-01
277777,Herbert,Itzigehl,9999-01-01
277829,Michaela,Fandrianto,9999-01-01
278386,Caolyn,Poujol,9999-01-01
278452,Sudhanshu,Toyoshima,9999-01-01
278536,Munenori,Shobatake,9999-01-01
279115,Maren,DuCasse,9999-01-01
278549,Jaana,Werthner,9999-01-01
278953,Jeanna,Ghandeharizadeh,9999-01-01
279280,Niranjan,Debuse,9999-01-01
279791,Chiranjit,Lyonns,9999-01-01
280070,Niteen,Ebeling,9999-01-01
280291,Lenore,Badache,9999-01-01
280420,Jahangir,Hofting,9999-01-01
280525,Kish,Herbst,9999-01-01
281570,Zijian,Covnot,9999-01-01
280648,Heeju,Lorys,9999-01-01
281692,Khosrow,Sommen,9999-01-01
282191,Alper,Shinomoto,9999-01-01
281848,Parke,Staylopatis,9999-01-01
281859,Masanao,Papastamatiou,9999-01-01
282894,Fay,Bellmore,9999-01-01
282333,Nahla,Serdy,9999-01-01
282343,Xinglin,Haldar,9999-01-01
282547,Nahum,Codenie,9999-01-01
282585,Zijian,Lammel,9999-01-01
284300,Ishfaq,Mahmud,9999-01-01
284561,Duri,Beznosov,9999-01-01
284431,Pintsang,Fujisawa,9999-01-01
284856,Moto,Kobara,9999-01-01
284687,Oksana,Redmiles,9999-01-01
284691,Theron,Ressouche,9999-01-01
284711,Martijn,Azevdeo,9999-01-01
284717,Gal,Ranta,9999-01-01
285164,Xiaocheng,Kumaresan,9999-01-01
284954,Anneke,Hammerschmidt,9999-01-01
285396,Lena,Kohling,9999-01-01
285905,Kellyn,Bage,9999-01-01
286026,Utpal,Zaumen,9999-01-01
286029,Jaques,Nanard,9999-01-01
285906,Arnould,Buescher,9999-01-01
286370,Toshimitsu,Seuren,9999-01-01
286452,Behnaam,Bierbaum,9999-01-01
286573,Nahum,Nishimukai,9999-01-01
286779,Sigeru,Versino,9999-01-01
287323,Steve,Dengi,9999-01-01
286986,Woody,Trelles,9999-01-01
287327,Youjian,Felder,9999-01-01
287334,Elliott,Speer,9999-01-01
287583,Jovan,Hockney,9999-01-01
287482,Shigeaki,Gihr,9999-01-01
287713,Aamod,Ranka,9999-01-01
287609,Sailaja,Negoita,9999-01-01
287983,Randi,Munos,9999-01-01
287808,Vidar,Ozeki,9999-01-01
287984,Troy,Kobuchi,9999-01-01
288028,Kauko,Narwekar,9999-01-01
288560,Yifei,Birjandi,9999-01-01
288142,Shay,Heystek,9999-01-01
288166,Masoud,Asmuth,9999-01-01
288563,Cristinel,Gerlach,9999-01-01
288606,Susumu,Swiss,9999-01-01
288893,Bedrich,Rosenbaum,9999-01-01
288665,Horward,Khasidashvili,9999-01-01
289807,Soenke,Lemarechal,9999-01-01
289454,Bowen,Narwekar,9999-01-01
289687,Fai,Maccarone,9999-01-01
290075,Boalin,Byoun,9999-01-01
289909,Hilari,Vecchio,9999-01-01
290009,Zijian,Rindone,9999-01-01
290441,Gregory,Collavizza,9999-01-01
290284,Kwangjo,Menhardt,9999-01-01
290478,Tsvetan,Sherertz,9999-01-01
290467,Shaowen,Poulakidas,9999-01-01
292110,Menkae,Showalter,9999-01-01
290563,Shigehiro,Oxenboll,9999-01-01
290769,Lalit,Blokdijk,9999-01-01
291352,Danai,Trelles,9999-01-01
291612,Siamak,Gomatam,9999-01-01
291669,Faiza,Bach,9999-01-01
292146,Khatoun,Pulkowski,9999-01-01
292404,Hongzue,Zultner,9999-01-01
292210,Masaru,Huhdanpaa,9999-01-01
293280,Moti,Steenbeek,9999-01-01
292504,Georgi,Bednarek,9999-01-01
292515,Bernd,Thummel,9999-01-01
292828,Ziya,Tokunaga,9999-01-01
293080,Hideyuki,Slaats,9999-01-01
293154,Syozo,Maliniak,9999-01-01
293746,Sanjay,Litecky,9999-01-01
293329,Fumiya,Griswold,9999-01-01
293752,Jungsoon,Bail,9999-01-01
294144,Takanari,Ermel,9999-01-01
294241,Marl,Fiebach,9999-01-01
294461,Siddarth,Rosiles,9999-01-01
294527,Ashish,Candan,9999-01-01
294791,Vesna,Lammel,9999-01-01
294446,Claudi,Ruemmler,9999-01-01
294652,Hironobu,Brodie,9999-01-01
294857,Caolyn,Ozeri,9999-01-01
295030,Fun,Keirsey,9999-01-01
295236,Kauko,Fujisawa,9999-01-01
295254,Xuejun,Pfau,9999-01-01
295255,Jacopo,Bellone,9999-01-01
295262,Moon,Pews,9999-01-01
295411,Chiranjit,Serot,9999-01-01
295268,Eben,Calkin,9999-01-01
295278,Val,Barvinok,9999-01-01
295857,Kankanahalli,Ciolek,9999-01-01
296062,Shaz,Driscoll,9999-01-01
296664,Dipayan,Geffroy,9999-01-01
296303,Mariangiola,Heyers,9999-01-01
296428,Charmane,Simmen,9999-01-01
296687,Palash,Spieker,9999-01-01
296718,Kamakshi,Bahl,9999-01-01
297431,Cathie,Ratnakar,9999-01-01
297232,Lokesh,Saoudi,9999-01-01
297474,Irena,Terkki,9999-01-01
297905,Marc,Bahl,9999-01-01
297954,Sailaja,Fujisaki,9999-01-01
298339,King,Benzmuller,9999-01-01
298953,Zita,Syang,9999-01-01
298577,Florina,Litecky,9999-01-01
299346,Fumitake,Sichman,9999-01-01
299580,Luisa,Itzfeldt,9999-01-01
299718,Denny,Shobatake,9999-01-01
299737,Patricio,Itzfeldt,9999-01-01
400046,Hilari,Christ,9999-01-01
400358,Angus,Jullig,9999-01-01
400683,Kamakshi,Manders,9999-01-01
400780,Poornachandra,Asser,9999-01-01
400796,Bodo,Halevi,9999-01-01
401154,Danae,Kragelund,9999-01-01
401420,Florian,Uhrig,9999-01-01
401278,Oguz,Schurmann,9999-01-01
401333,Martins,Shokrollahi,9999-01-01
402025,Shigehito,Duclos,9999-01-01
401574,Yannik,Falco,9999-01-01
402102,Kersti,Granlund,9999-01-01
402664,Subhada,Janetzko,9999-01-01
402718,Jeanna,Rettelbach,9999-01-01
404018,Valery,Babb,9999-01-01
402827,Weidon,Pollacia,9999-01-01
403010,Toshimitsu,Sluis,9999-01-01
403621,Deborah,Kaminger,9999-01-01
403644,Krisda,Hainaut,9999-01-01
403954,Jeanna,Bratten,9999-01-01
404573,Eberhardt,Spelt,9999-01-01
404236,Zengping,Kakkar,9999-01-01
404462,Anestis,Setlzner,9999-01-01
406125,Georgi,Portugali,9999-01-01
404755,Manu,Junet,9999-01-01
404788,Basem,Beausoleil,9999-01-01
405015,Morris,Fargier,9999-01-01
405063,Yechezkel,Yurov,9999-01-01
406564,Parviz,Picco,9999-01-01
406714,Malu,Ossenbruggen,9999-01-01
406239,Marek,Tomescu,9999-01-01
406847,Alexius,Crouzet,9999-01-01
408019,Shridhar,Chleq,9999-01-01
407522,Tommaso,Raczkowsky,9999-01-01
407837,Fei,Erez,9999-01-01
408654,Yongqiao,Cochrane,9999-01-01
408114,Geoffrey,Ladret,9999-01-01
408163,Irene,Sethi,9999-01-01
408417,Tsz,Daescu,9999-01-01
408437,Uno,Solares,9999-01-01
408447,Mayuri,Werthner,9999-01-01
408953,Jolita,Claffy,9999-01-01
410028,Xiadong,McClurg,9999-01-01
409391,Willard,Verspoor,9999-01-01
409798,Dekang,Tsunoo,9999-01-01
409805,Frazer,Candan,9999-01-01
409898,Divier,Ishibashi,9999-01-01
410616,Gudjon,Kalorkoti,9999-01-01
410372,Duri,Mitina,9999-01-01
410433,Kazuhisa,Riesenhuber,9999-01-01
410804,Ronnie,Denos,9999-01-01
410881,Koichi,Grabner,9999-01-01
411070,Otmar,Brandsma,9999-01-01
411082,Martine,Cangellaris,9999-01-01
411143,Goncalo,Barbanera,9999-01-01
413205,Mototsugu,Prampolini,9999-01-01
412404,Mitsuyuki,Jeansoulin,9999-01-01
412757,Leen,Peak,9999-01-01
413098,Hsiangchu,Taubenfeld,9999-01-01
413831,Mohamadou,Grabner,9999-01-01
413666,Remco,Duclos,9999-01-01
413729,Harjit,Ernst,9999-01-01
413832,Marco,Jahnichen,9999-01-01
414091,Wuxu,Kuhnemann,9999-01-01
414027,Tadanori,Msuda,9999-01-01
414662,Ipke,Schneeberger,9999-01-01
414543,Bernd,Anick,9999-01-01
414551,Elliott,Copas,9999-01-01
414714,Chinho,Delgrande,9999-01-01
415187,Juyoung,Peltason,9999-01-01
414814,Dayanand,Wielonsky,9999-01-01
414897,Juyoung,Willoner,9999-01-01
415563,Mrinalini,Bierbaum,9999-01-01
415338,Shigeo,Emmart,9999-01-01
415363,Conal,Shackell,9999-01-01
416074,Alain,Lieberherr,9999-01-01
416383,Nectarios,Itschner,9999-01-01
416420,Adamantios,Heemskerk,9999-01-01
416660,Nathalie,Luke,9999-01-01
416492,Kannan,Meriste,9999-01-01
416720,Tokuyasu,Xiaoshan,9999-01-01
418239,Josyula,Motley,9999-01-01
416877,Gio,Orsini,9999-01-01
416892,Shooichi,Vandervoorde,9999-01-01
417435,Bouchung,Zaumen,9999-01-01
418247,Oscar,Oppitz,9999-01-01
418298,Arvin,Pusterhofer,9999-01-01
418309,Danel,Petereit,9999-01-01
418566,Kazuhide,Snedden,9999-01-01
418380,Kazuhiko,Gornas,9999-01-01
418860,Ymte,Dalton,9999-01-01
418606,Michaela,Otillio,9999-01-01
418717,Arunachalam,Magliocco,9999-01-01
419099,Heon,Broomell,9999-01-01
420086,Susuma,Kitsuregawa,9999-01-01
419953,Ung,Orlowski,9999-01-01
420694,Frazer,Barbanera,9999-01-01
420476,Mariangiola,Bolsens,9999-01-01
420557,Mabhin,Eastman,9999-01-01
420732,Willard,Morrin,9999-01-01
420759,Raimond,Solovay,9999-01-01
420765,Shawna,Krider,9999-01-01
420877,Khosrow,Erez,9999-01-01
421755,Shichao,Thiria,9999-01-01
421022,Shigeaki,Butner,9999-01-01
421033,Garnik,Randt,9999-01-01
421074,Zhaofang,Falster,9999-01-01
421312,Mariangiola,Bashian,9999-01-01
421384,Renny,Bednarek,9999-01-01
423204,Uma,Stranks,9999-01-01
422146,Kenton,Miara,9999-01-01
422783,Jagoda,Uhrig,9999-01-01
423038,Takushi,Strehl,9999-01-01
423208,Joydip,Krone,9999-01-01
423214,Tsutomu,Tetzlaff,9999-01-01
424797,Theron,Itschner,9999-01-01
423327,Constantijn,Lichtman,9999-01-01
423350,Heping,Monarch,9999-01-01
423633,Mariusz,Tokunaga,9999-01-01
423993,Seshu,Kolvik,9999-01-01
424569,Danco,Luff,9999-01-01
424584,Kagan,Dredge,9999-01-01
424685,Changho,Veevers,9999-01-01
424930,Xuejun,Reeker,9999-01-01
424984,Vasilis,Waleschkowski,9999-01-01
424805,Jacqueline,Zallocco,9999-01-01
425437,Moni,Staudhammer,9999-01-01
425535,Alagu,Vieri,9999-01-01
425540,Paddy,Zumaque,9999-01-01
426644,Zejun,Broomell,9999-01-01
425757,Yongdong,Jiang,9999-01-01
425780,Paris,Range,9999-01-01
425830,Guther,Conia,9999-01-01
425875,Jahangir,Kroft,9999-01-01
426153,Shahaf,Luce,9999-01-01
426168,Kaijung,Mateescu,9999-01-01
426228,Supot,Badache,9999-01-01
426235,Danco,Rajala,9999-01-01
426706,Karsten,Kawashima,9999-01-01
426795,Huican,Lunn,9999-01-01
426818,Gaurav,Fendler,9999-01-01
426819,Sandeepan,Kulisch,9999-01-01
426824,Gopalakrishnan,Mawatari,9999-01-01
427571,Torsten,Ranta,9999-01-01
426958,Weijing,Viele,9999-01-01
427313,Utpal,Kemmerer,9999-01-01
427320,Mamdouh,Ramamoorthy,9999-01-01
427332,Feiyu,Hemaspaandra,9999-01-01
427852,Adil,Kieras,9999-01-01
427776,Jaques,Navazio,9999-01-01
427805,Haldun,Compeau,9999-01-01
427823,Jaques,Gecsei,9999-01-01
428160,Jamaludin,Kalorkoti,9999-01-01
428082,Ronghao,Alpin,9999-01-01
428195,Hatsukazu,Rosca,9999-01-01
428219,Ghassan,Androutsos,9999-01-01
429087,Hugh,Senzako,9999-01-01
428917,Theron,Billawala,9999-01-01
429249,Alassane,Wolniewicz,9999-01-01
429316,Seshu,Hiraishi,9999-01-01
429381,Limsoon,Roohalamini,9999-01-01
429481,Subhada,Emmerich,9999-01-01
429231,Kazuyasu,Schmiedel,9999-01-01
429238,Mona,Luck,9999-01-01
429532,Bartek,Vendrig,9999-01-01
429569,Fumiya,Chappelet,9999-01-01
429520,Yongqiao,Francisci,9999-01-01
429703,Ung,Honglei,9999-01-01
430054,Erzsebet,Setiz,9999-01-01
430558,Xiong,Roisin,9999-01-01
429899,Ranan,Marsiglia,9999-01-01
429954,Renny,Gladwell,9999-01-01
430593,Janalee,Lanzelotte,9999-01-01
430891,Khalil,Gien,9999-01-01
430631,Kersti,Marsiglia,9999-01-01
431576,Masamitsu,Back,9999-01-01
431657,Visit,Thiran,9999-01-01
431882,Hideo,Varman,9999-01-01
431887,Poorav,Ranst,9999-01-01
432121,Alair,Straney,9999-01-01
432031,Adamantios,Matzat,9999-01-01
432034,Arfst,Uehara,9999-01-01
432399,Nitsan,Nollmann,9999-01-01
432257,Kwangjo,Hiltgen,9999-01-01
432261,Arve,Bergere,9999-01-01
432665,Flemming,Driscoll,9999-01-01
432523,Takahiro,Maquelin,9999-01-01
432787,Toshiko,Ibel,9999-01-01
432956,Qunsheng,Birrer,9999-01-01
433059,Bojan,Montresor,9999-01-01
433260,Make,Olivero,9999-01-01
433157,Tomofumi,Serna,9999-01-01
434845,Takushi,Skogmar,9999-01-01
433438,Keiichiro,Miyakawa,9999-01-01
435181,Kazuhide,Fiutem,9999-01-01
434936,Sahrah,Rosis,9999-01-01
435042,Brigham,Borstler,9999-01-01
435060,Moie,Lieblein,9999-01-01
435370,Conal,Basart,9999-01-01
435774,Olivera,Bharadwaj,9999-01-01
435289,Feixiong,Schurmann,9999-01-01
435305,Berthier,Pramanik,9999-01-01
435588,Genta,Pepe,9999-01-01
435602,Dietrich,Kranzdorf,9999-01-01
437276,Dines,DeMori,9999-01-01
435791,Hercules,Speer,9999-01-01
436558,Subir,Greibach,9999-01-01
436797,Ohad,Henders,9999-01-01
436827,Wojceich,Limongiello,9999-01-01
436915,Feixiong,Haraldson,9999-01-01
437369,Kazuhide,Biran,9999-01-01
437395,Sumant,Thambidurai,9999-01-01
437724,Erez,Luft,9999-01-01
438038,Lena,Giaccio,9999-01-01
437870,Kerhong,Lorho,9999-01-01
438264,Rasikan,Barreiro,9999-01-01
438557,Lidong,Swist,9999-01-01
439377,Mari,Plessier,9999-01-01
439905,Kousuke,Levasseur,9999-01-01
439924,Gunilla,Kisuki,9999-01-01
440325,Douadi,Sullins,9999-01-01
440642,Snehasis,Kalsbeek,9999-01-01
440435,Sandeepan,Rosti,9999-01-01
440450,Tzvetan,Scharstein,9999-01-01
440937,Fabrizio,Usery,9999-01-01
440870,Filipp,Hasham,9999-01-01
441197,Miquel,Legleitner,9999-01-01
441536,Chinho,Collette,9999-01-01
441954,Leszek,Marchegay,9999-01-01
441965,Claudi,Heijenga,9999-01-01
442002,Ravishankar,Baig,9999-01-01
442096,Martijn,DiGiano,9999-01-01
442312,Zengping,Cusworth,9999-01-01
442490,Navid,Luke,9999-01-01
443108,Christfried,Atrawala,9999-01-01
442653,Mona,Hebden,9999-01-01
442700,Siddarth,Masada,9999-01-01
442898,Aksel,Gire,9999-01-01
443485,Marke,Klerer,9999-01-01
443841,Shaw,Kading,9999-01-01
443873,Vatsa,Ramsay,9999-01-01
444070,Heping,Skrikant,9999-01-01
444099,Kousuke,Worfolk,9999-01-01
444643,Berna,Schonegge,9999-01-01
444208,Irena,Cesareni,9999-01-01
444465,Prasadram,Bultermann,9999-01-01
444487,Udi,Rullman,9999-01-01
445226,Oscar,Baumann,9999-01-01
445723,Gaurav,Roison,9999-01-01
445067,Eldridge,Kawashima,9999-01-01
445152,Heping,Peac,9999-01-01
445570,Van,Nations,9999-01-01
445941,Masako,Dechter,9999-01-01
445950,Ebru,Valtorta,9999-01-01
446306,Hercules,Kabayashi,9999-01-01
446121,Fay,Cochrane,9999-01-01
446424,DAIDA,Nooteboom,9999-01-01
447018,Dannz,Miara,9999-01-01
446897,Takahiro,Dalton,9999-01-01
446959,Aram,Passino,9999-01-01
447135,Gennady,Rouquie,9999-01-01
447232,Aleksander,Schaaf,9999-01-01
447544,Stabislas,Kakkad,9999-01-01
447376,Kirk,Zongker,9999-01-01
447999,Shiv,Vilarrasa,9999-01-01
447613,Paris,Restivo,9999-01-01
448769,Mong,Dichev,9999-01-01
447877,Make,Heuser,9999-01-01
447931,Martijn,Jeong,9999-01-01
447966,Kamakshi,Hebert,9999-01-01
447982,Shiv,Baezner,9999-01-01
449189,Jahangir,Bernatsky,9999-01-01
448900,Mart,Talmor,9999-01-01
448918,Chiradeep,Arlazarov,9999-01-01
448994,Haldun,Syang,9999-01-01
449815,Fumitaka,Quittner,9999-01-01
450184,Selwyn,Henseler,9999-01-01
449984,Hinrich,Perin,9999-01-01
450255,Udo,Waymire,9999-01-01
450309,Gill,Orlowska,9999-01-01
450475,Saeed,Bahl,9999-01-01
450817,DAIDA,Frolund,9999-01-01
451272,Jacopo,Krohm,9999-01-01
450888,Sedat,Rande,9999-01-01
450934,Chanjung,Raoux,9999-01-01
450936,Yuriy,Ponthieu,9999-01-01
451275,Bedrich,Isard,9999-01-01
451333,Radhika,Bonifati,9999-01-01
452325,Taiji,Berstel,9999-01-01
451253,Jaihie,Ozeri,9999-01-01
452137,Subir,Miake,9999-01-01
452206,Arra,Esposito,9999-01-01
452347,Shigeichiro,Brattka,9999-01-01
452365,Fei,Gadepally,9999-01-01
452956,Gou,Thombley,9999-01-01
452957,Alair,Nanard,9999-01-01
453154,Gao,Lally,9999-01-01
452982,Lobel,Aloia,9999-01-01
453644,Berni,Takkinen,9999-01-01
453070,Aran,Rosenbaum,9999-01-01
453688,Chinya,Leslie,9999-01-01
453723,Arne,Kohling,9999-01-01
453913,Stein,Perng,9999-01-01
453760,Ewing,Rajala,9999-01-01
453790,Fai,Keirsey,9999-01-01
454338,Mohammed,Georg,9999-01-01
454378,Gina,Ossenbruggen,9999-01-01
454736,Nechama,Ermel,9999-01-01
454791,Xiaoqiu,Pietracaprina,9999-01-01
454825,Kamakshi,Schusler,9999-01-01
454994,Mohan,Picht,9999-01-01
455284,Luisa,Baig,9999-01-01
455175,Soenke,Zaumen,9999-01-01
455814,Giao,DuCasse,9999-01-01
455726,Qiwen,Kriebel,9999-01-01
455914,Peer,Angelopoulos,9999-01-01
456767,Tetsurou,Schreiter,9999-01-01
457146,Jinpo,Heyers,9999-01-01
456982,Shounak,Dratva,9999-01-01
457070,Gay,Plavsic,9999-01-01
457411,Xudong,Peck,9999-01-01
457305,Sorina,Lakshmanan,9999-01-01
457337,Xumin,Beidas,9999-01-01
457489,Berna,Ranst,9999-01-01
457611,Indrajit,Krogh,9999-01-01
457776,Florian,Siepmann,9999-01-01
457813,Foong,Gargeya,9999-01-01
457832,Jackson,Zielinski,9999-01-01
457938,Arch,Picco,9999-01-01
459172,Val,Rissanen,9999-01-01
458111,Florian,Tramer,9999-01-01
458134,Thanasis,Standera,9999-01-01
458191,George,Atchley,9999-01-01
458383,Mabhin,Foote,9999-01-01
458726,Shahaf,Kitai,9999-01-01
458790,Ramya,Azadmanesh,9999-01-01
459429,Mohit,Verhaegen,9999-01-01
459356,Pramod,Wendorf,9999-01-01
459685,Hirochika,Goldhammer,9999-01-01
460920,Remzi,Mitzlaff,9999-01-01
460131,Adly,Hambrick,9999-01-01
460691,Munehiko,Gihr,9999-01-01
460707,Yoshinari,Lanteri,9999-01-01
461120,Shietung,Gelosh,9999-01-01
461801,Sumali,Cooman,9999-01-01
461270,Mrinalini,Mawatari,9999-01-01
463023,Itzchak,Penn,9999-01-01
462493,Paloma,Gerlach,9999-01-01
462795,Somnath,Cummings,9999-01-01
463099,Jinxi,Schmiedel,9999-01-01
463212,Ramya,Rossi,9999-01-01
463495,Alenka,Barriga,9999-01-01
464284,Huiqun,Henders,9999-01-01
463472,Jaber,Sethi,9999-01-01
464303,Abdelghani,Nyrup,9999-01-01
465062,Stafford,Gist,9999-01-01
465076,Tokuyasu,Ghelli,9999-01-01
465085,Vidar,Gunderson,9999-01-01
465409,Shahid,Varman,9999-01-01
465711,Lakshmi,Frijda,9999-01-01
465501,Mrinalini,Gire,9999-01-01
466509,Bezalel,Verhoeff,9999-01-01
465853,Kwan,Kampfer,9999-01-01
465874,Herb,Picht,9999-01-01
466064,Temple,Danlos,9999-01-01
466367,Hiroyasu,Strandh,9999-01-01
466603,Yechezkel,Nourani,9999-01-01
467392,Mariusz,Rikino,9999-01-01
466745,Boalin,Birsak,9999-01-01
467176,Przemyslawa,Borovoy,9999-01-01
467441,Margareta,Bondorf,9999-01-01
467269,Nahum,Lambe,9999-01-01
467886,Sivanarayana,Chandrasekhar,9999-01-01
467591,Kiyotoshi,Hennebert,9999-01-01
467918,Tsuneo,Skrikant,9999-01-01
468659,Ranga,Lemarechal,9999-01-01
468360,Huei,Saoudi,9999-01-01
468417,Kamakshi,Huhdanpaa,9999-01-01
469253,Baruch,Basawa,9999-01-01
468773,Baziley,Brookner,9999-01-01
469104,Nadjib,Comellas,9999-01-01
469269,Weiyi,Codenie,9999-01-01
469527,Halsur,Ibel,9999-01-01
469366,Aiman,Wilfing,9999-01-01
469399,Hongzhu,Ruemmler,9999-01-01
469529,Neven,Rikino,9999-01-01
469735,Arif,Stranks,9999-01-01
469867,Hein,Jonsson,9999-01-01
470456,Reuven,Oehlmann,9999-01-01
470472,Zhiguo,Staudhammer,9999-01-01
471397,Nigel,Zirintsis,9999-01-01
471911,Arun,Zaccaria,9999-01-01
471532,Feiyu,Decleir,9999-01-01
471552,Basem,Lortz,9999-01-01
471939,Kazuhiko,Marshall,9999-01-01
472143,Yahiko,Sommen,9999-01-01
472052,Godehard,Chinal,9999-01-01
472238,Jungsoon,Gubsky,9999-01-01
472790,Zhenbing,Ibel,9999-01-01
473299,Khaled,Penn,9999-01-01
472950,Weidon,Fordan,9999-01-01
473490,Pantung,Reeker,9999-01-01
473268,Hugo,Sgarro,9999-01-01
474331,Sugwoo,Eugenio,9999-01-01
473940,Avishai,Majewski,9999-01-01
475087,Genevieve,Snedden,9999-01-01
474763,Mayuko,Clouatre,9999-01-01
474796,Zongyan,Shackel,9999-01-01
475538,Christophe,Leaver,9999-01-01
475258,Fumiyo,Feinberg,9999-01-01
475938,Shigeaki,Lanteri,9999-01-01
475965,Rimon,Pietracaprina,9999-01-01
476055,Girolamo,Schlumberger,9999-01-01
476122,Khun,Spieker,9999-01-01
477969,Bluma,Mundy,9999-01-01
476327,Reinhold,Binkley,9999-01-01
476361,Doohun,Preusig,9999-01-01
477350,Terresa,Vigier,9999-01-01
477578,Marit,Paludetto,9999-01-01
478007,Fumino,Narahara,9999-01-01
478833,Pradeep,Valiente,9999-01-01
478170,Doowon,Schoegge,9999-01-01
478218,Djenana,Erol,9999-01-01
478439,Yuichiro,Bale,9999-01-01
478858,Hidekazu,Perna,9999-01-01
479407,Randi,Tomescu,9999-01-01
478768,Arun,Katzenelson,9999-01-01
478799,Shaw,Borovoy,9999-01-01
479024,Ewing,Kalorkoti,9999-01-01
479695,Masamitsu,Murrill,9999-01-01
480178,Uinam,Rahier,9999-01-01
479601,Kayoko,Bahi,9999-01-01
480035,Sukumar,Georg,9999-01-01
480066,Suebskul,Menhardt,9999-01-01
480407,Deniz,Bennis,9999-01-01
480268,Gaurav,Cheshire,9999-01-01
481050,Weiru,Burnard,9999-01-01
482885,Shaunak,Brizzi,9999-01-01
481213,Shigehiro,Haldar,9999-01-01
481397,Luisa,Chelton,9999-01-01
481764,Teiji,Marrakchi,9999-01-01
481790,Haldun,Erie,9999-01-01
482335,Kwangyoen,Peck,9999-01-01
482354,Jayson,Zockler,9999-01-01
482755,Jouni,Conia,9999-01-01
482944,Duke,Journel,9999-01-01
482905,Aral,Hebden,9999-01-01
483401,Rosita,Pokrovskii,9999-01-01
483675,Hausi,Kamber,9999-01-01
483978,Dung,Tanemo,9999-01-01
483825,Marek,Mitchem,9999-01-01
483838,Sham,Kavanagh,9999-01-01
484756,Phule,Ruemmler,9999-01-01
484126,Manton,Lueh,9999-01-01
484142,Perry,Cooman,9999-01-01
484498,Herbert,Hammerschmidt,9999-01-01
485253,Gladys,Parhami,9999-01-01
485577,Rafael,Menhoudj,9999-01-01
485489,Keiichiro,Armand,9999-01-01
485579,Munehiro,Iwayama,9999-01-01
485799,Yoshimitsu,Litvinov,9999-01-01
485817,Mahmut,Bolotov,9999-01-01
486068,Yefim,Bernardeschi,9999-01-01
486808,Geoffrey,Siochi,9999-01-01
487988,Ekawit,Schaft,9999-01-01
486918,Yagil,Remmers,9999-01-01
486956,Matt,Ruemmler,9999-01-01
486958,Tonny,Kropf,9999-01-01
487008,Zhigen,Raney,9999-01-01
487505,Uno,Jayawardene,9999-01-01
488482,Kensyu,Tsunoo,9999-01-01
488095,Francoise,Hegner,9999-01-01
488142,Denis,Narlikar,9999-01-01
488540,Breannda,Maquelin,9999-01-01
488619,Georgy,Bennis,9999-01-01
488693,Jiong,Zultner,9999-01-01
488707,Mihalis,Remmers,9999-01-01
488752,Nimmagadda,Baja,9999-01-01
488788,Wuxu,Garigliano,9999-01-01
489928,Satoru,Janetzko,9999-01-01
488984,Kendra,Junet,9999-01-01
489755,Matk,Chorvat,9999-01-01
489756,Kersti,Miculan,9999-01-01
490551,Lalit,Lindqvist,9999-01-01
490557,Luise,Vigier,9999-01-01
490568,Zita,Reistad,9999-01-01
491079,Kwangsub,Keirsey,9999-01-01
490720,Younwoo,Samarati,9999-01-01
491162,Panayotis,Hempstead,9999-01-01
491632,Gadiel,Perly,9999-01-01
491478,Gill,Varman,9999-01-01
492000,Valeska,Cools,9999-01-01
491596,Charmane,Pargas,9999-01-01
492217,Heekeun,Verhaegen,9999-01-01
492052,Udo,Ratnakar,9999-01-01
492639,Sanjoy,Porenta,9999-01-01
492677,Goetz,McAffer,9999-01-01
493744,Leni,Kropatsch,9999-01-01
493031,Hironoby,Jakobus,9999-01-01
493048,Muzhong,Berztiss,9999-01-01
493096,Sachem,Msuda,9999-01-01
494019,Morrie,Iisaku,9999-01-01
494088,Phule,Dahlbom,9999-01-01
494995,Yongmao,Pouyioutas,9999-01-01
494493,Masasuke,Koprowski,9999-01-01
497007,Oldrich,Adachi,9999-01-01
496100,Pranjal,Reinhard,9999-01-01
497340,Fayez,Keohane,9999-01-01
496970,Giordano,Maquelin,9999-01-01
496978,Danco,Debuse,9999-01-01
497174,Sanjiv,Bressoud,9999-01-01
497391,Paris,Lieblein,9999-01-01
498185,Caolyn,Marciano,9999-01-01
497835,Shuho,Laurillard,9999-01-01
498337,Naraig,Docker,9999-01-01
498456,Geraldo,Gerteisen,9999-01-01
498955,Nechama,Kandlur,9999-01-01
498635,Florian,Pezzoli,9999-01-01
498838,Sanjay,Ciolek,9999-01-01
498845,Arumugam,Pelc,9999-01-01
499194,Padma,Delgrange,9999-01-01
499260,Danae,Honglei,9999-01-01
499495,Baoqiu,Kakkar,9999-01-01
